{"stat.drop.minecraft.stone_pickaxe":1,"stat.drop.millenaire.negationwand":1,"stat.leaveGame":3,"stat.mineBlock.ebwizardry.crystal_flower":9,"stat.pickup.minecraft.stone_pickaxe":3,"stat.pickup.millenaire.negationwand":3,"stat.pickup.gravestone.death_info":3,"stat.swimOneCm":10334,"stat.useItem.minecraft.planks":4,"stat.pickup.minecraft.cooked_porkchop":22,"stat.pickup.minecraft.porkchop":40,"stat.mineBlock.gravestone.gravestone":2,"stat.useItem.minecraft.dirt":14,"stat.useItem.minecraft.stone_slab2":12,"stat.pickup.minecraft.bow":3,"stat.pickup.minecraft.rotten_flesh":6,"stat.craftItem.minecraft.furnace":1,"stat.useItem.minecraft.egg":3,"stat.craftItem.minecraft.stone_axe":1,"stat.entityKilledBy.primitivemobs.rocket_creeper":1,"stat.craftItem.minecraft.stone_pickaxe":2,"stat.pickup.minecraft.cobblestone":170,"stat.flyOneCm":314386,"stat.entityKilledBy.firedragon":1,"stat.mineBlock.minecraft.iron_ore":7,"stat.timeSinceDeath":0,"stat.useItem.minecraft.iron_pickaxe":60,"stat.craftItem.minecraft.wooden_pickaxe":1,"stat.pickup.minecraft.mutton":4,"stat.drop.gravestone.death_info":6,"stat.pickup.minecraft.stonebrick":4,"stat.furnaceInteraction":12,"stat.useItem.minecraft.cooked_porkchop":6,"stat.pickup.millenaire.rice":98,"stat.killEntity.ZombieVillager":1,"stat.mineBlock.minecraft.coal_ore":42,"stat.entityKilledBy.primitivemobs.support_creeper":1,"stat.pickup.minecraft.beef":4,"stat.useItem.minecraft.cooked_mutton":2,"stat.entityKilledBy.Skeleton":1,"stat.craftItem.minecraft.stone_slab2":0,"stat.sprintOneCm":181524,"stat.craftItem.minecraft.stick":12,"stat.mineBlock.minecraft.crafting_table":1,"stat.deaths":8,"stat.mineBlock.iceandfire.chared_gravel":1,"stat.drop":8,"stat.pickup.minecraft.egg":3,"stat.playOneMinute":100482,"stat.killEntity.Sheep":3,"stat.craftItem.minecraft.iron_pickaxe":1,"stat.killEntity.Zombie":2,"stat.mineBlock.minecraft.tallgrass":4,"stat.craftItem.minecraft.cooked_mutton":2,"stat.diveOneCm":20043,"stat.chestOpened":5,"stat.pickup.minecraft.gravel":2,"stat.pickup.minecraft.arrow":4,"stat.pickup.minecraft.iron_sword":3,"stat.craftItem.minecraft.cooked_porkchop":8,"stat.pickup.minecraft.stone_axe":4,"stat.pickup.minecraft.gold_nugget":136,"stat.jump":1668,"stat.pickup.minecraft.coal":132,"stat.fallOneCm":53449,"stat.useItem.minecraft.stone_axe":48,"stat.crouchOneCm":2420,"stat.craftItem.minecraft.iron_ingot":3,"stat.pickup.minecraft.dirt":67,"stat.craftingTableInteraction":6,"stat.pickup.minecraft.iron_ore":23,"stat.pickup.millenaire.pathdirt":124,"stat.pickup.minecraft.stone_shovel":1,"stat.pickup.minecraft.wooden_pickaxe":3,"stat.damageTaken":2907,"stat.pickup.minecraft.leather":4,"stat.mineBlock.minecraft.torch":1,"stat.useItem.minecraft.wooden_pickaxe":27,"stat.useItem.minecraft.reeds":1,"stat.pickup.ebwizardry.crystal_flower":31,"stat.pickup.minecraft.planks":1,"stat.pickup.minecraft.reeds":2,"stat.entityKilledBy.ZombieVillager":1,"stat.pickup.minecraft.bed":2,"stat.pickup.minecraft.wheat_seeds":5,"stat.entityKilledBy.Zombie":2,"stat.mineBlock.minecraft.gravel":1,"stat.useItem.minecraft.stone_pickaxe":13,"stat.pickup.millenaire.earth_deco":299,"stat.damageDealt":2341,"stat.pickup.iceandfire.chared_grass":1,"stat.sleepInBed":1,"stat.killEntity.Cow":3,"stat.mineBlock.minecraft.dirt":21,"stat.killEntity.Pig":8,"stat.walkOneCm":200330,"stat.useItem.minecraft.torch":1,"stat.mineBlock.biomesoplenty.leaves_2":1,"stat.pickup.minecraft.crafting_table":2,"stat.useItem.minecraft.cobblestone":8,"stat.craftItem.minecraft.crafting_table":1,"stat.pickup.biomesoplenty.sapling_1":1,"stat.pickup.minecraft.log":60,"stat.pickup.minecraft.iron_pickaxe":3,"stat.pickup.millenaire.pathgravelslabs":112,"stat.pickup.minecraft.stone":8,"stat.pickup.minecraft.chicken":2,"stat.mineBlock.biomesoplenty.sapling_1":1,"stat.useItem.millenaire.earth_deco":10,"stat.pickup.minecraft.gold_ingot":2,"stat.killEntity.Skeleton":1,"stat.mineBlock.iceandfire.goldpile":13,"stat.craftItem.minecraft.planks":20,"stat.useItem.millenaire.pathdirt":4,"stat.mobKills":19,"stat.mineBlock.minecraft.log":17,"stat.mineBlock.minecraft.leaves":4,"stat.pickup.minecraft.torch":2,"stat.sneakTime":928,"stat.pickup.millenaire.pathgravel":160,"stat.pickup.minecraft.wool":6,"stat.mineBlock.minecraft.stone":24}