{"stats":{"minecraft:custom":{"minecraft:jump":50,"minecraft:time_since_rest":4436,"minecraft:leave_game":1,"minecraft:crouch_one_cm":66,"minecraft:sprint_one_cm":6357,"minecraft:play_time":4436,"minecraft:walk_on_water_one_cm":142,"minecraft:time_since_death":4436,"minecraft:walk_one_cm":13520,"minecraft:sneak_time":40,"minecraft:climb_one_cm":128,"minecraft:total_world_time":4436,"minecraft:walk_under_water_one_cm":244,"minecraft:swim_one_cm":3222,"minecraft:fall_one_cm":1730,"minecraft:fly_one_cm":20472},"minecraft:used":{"minecraft:sand":1},"minecraft:picked_up":{"minecraft:golden_carrot":5,"minecraft:carrot":11},"minecraft:mined":{"lucky:lucky_block":1}},"DataVersion":3465}