{"stat.pickup.minecraft.bone":4,"stat.drop.millenaire.negationwand":1,"stat.leaveGame":2,"stat.mineBlock.ebwizardry.crystal_flower":7,"stat.mineBlock.minecraft.cobblestone":11,"stat.pickup.minecraft.stone_pickaxe":3,"stat.pickup.millenaire.denier":10,"stat.pickup.millenaire.negationwand":2,"stat.pickup.gravestone.death_info":3,"stat.mineBlock.minecraft.sandstone":9,"stat.useItem.minecraft.mutton":2,"stat.swimOneCm":7571,"stat.useItem.minecraft.planks":8,"stat.climbOneCm":884,"stat.pickup.minecraft.cooked_porkchop":23,"stat.drop.minecraft.feather":4,"stat.pickup.minecraft.porkchop":16,"stat.mineBlock.gravestone.gravestone":3,"stat.useItem.minecraft.dirt":36,"stat.useItem.minecraft.stone_slab2":24,"stat.pickup.minecraft.bow":2,"stat.drop.minecraft.iron_sword":3,"stat.pickup.minecraft.rotten_flesh":8,"stat.craftItem.minecraft.furnace":1,"stat.useItem.minecraft.egg":7,"stat.craftItem.minecraft.stone_axe":1,"stat.killEntity.primitivemobs.festive_creeper":1,"stat.pickup.minecraft.cobblestone":256,"stat.pickup.minecraft.wooden_hoe":1,"stat.useItem.minecraft.stone_shovel":6,"stat.flyOneCm":237269,"stat.pickup.minecraft.sandstone":9,"stat.entityKilledBy.firedragon":1,"stat.pickup.iceandfire.ash":6,"stat.drop.minecraft.wheat_seeds":1,"stat.mineBlock.minecraft.iron_ore":20,"stat.timeSinceDeath":5266,"stat.useItem.minecraft.iron_pickaxe":305,"stat.useItem.minecraft.sign":2,"stat.craftItem.minecraft.wooden_pickaxe":2,"stat.drop.millenaire.earth_deco":2,"stat.pickup.minecraft.mutton":25,"stat.craftItem.ebwizardry.magic_crystal":14,"stat.pickup.minecraft.double_plant":2,"stat.craftItem.minecraft.bed":1,"stat.drop.gravestone.death_info":2,"stat.pickup.minecraft.stonebrick":11,"stat.furnaceInteraction":31,"stat.drop.minecraft.dirt":47,"stat.pickup.ebwizardry.magic_crystal":28,"stat.useItem.minecraft.cooked_porkchop":4,"stat.mineBlock.minecraft.coal_ore":64,"stat.pickup.minecraft.beef":22,"stat.pickup.minecraft.furnace":9,"stat.useItem.minecraft.cooked_mutton":10,"stat.craftItem.minecraft.stone_slab2":0,"stat.sprintOneCm":135171,"stat.pickup.minecraft.iron_chestplate":1,"stat.drop.minecraft.leather":4,"stat.craftItem.minecraft.stick":64,"stat.craftItem.minecraft.wooden_axe":1,"stat.drop.minecraft.furnace":1,"stat.mineBlock.iceandfire.ash":2,"stat.mineBlock.minecraft.fence":1,"stat.drop.minecraft.wooden_hoe":1,"stat.mineBlock.minecraft.crafting_table":7,"stat.useItem.minecraft.beef":4,"stat.mineBlock.minecraft.planks":6,"stat.deaths":4,"stat.drop":23,"stat.pickup.minecraft.egg":7,"stat.playOneMinute":93307,"stat.killEntity.Sheep":7,"stat.killEntity.primitivemobs.harpy":1,"stat.craftItem.minecraft.iron_pickaxe":2,"stat.killEntity.Zombie":1,"stat.pickup.minecraft.snowball":2,"stat.killEntity.primitivemobs.haunted_tool":1,"stat.mineBlock.minecraft.tallgrass":2,"stat.craftItem.minecraft.cooked_mutton":10,"stat.diveOneCm":10775,"stat.chestOpened":6,"stat.craftItem.minecraft.sign":3,"stat.pickup.minecraft.sign":4,"stat.pickup.minecraft.arrow":8,"stat.pickup.minecraft.iron_sword":3,"stat.craftItem.minecraft.cooked_porkchop":6,"stat.pickup.minecraft.stone_axe":2,"stat.drop.minecraft.cooked_porkchop":2,"stat.jump":1285,"stat.pickup.minecraft.fence":1,"stat.pickup.minecraft.coal":129,"stat.fallOneCm":38255,"stat.pickup.minecraft.iron_ingot":4,"stat.useItem.minecraft.stone_axe":63,"stat.crouchOneCm":18045,"stat.craftItem.minecraft.iron_ingot":16,"stat.craftItem.minecraft.torch":24,"stat.drop.minecraft.book":1,"stat.pickup.minecraft.dirt":191,"stat.craftingTableInteraction":15,"stat.pickup.minecraft.iron_ore":21,"stat.mineBlock.minecraft.glass_pane":1,"stat.drop.minecraft.double_plant":2,"stat.pickup.minecraft.wooden_pickaxe":1,"stat.damageTaken":2079,"stat.pickup.minecraft.feather":10,"stat.pickup.minecraft.leather":12,"stat.mineBlock.minecraft.furnace":6,"stat.mineBlock.minecraft.torch":8,"stat.useItem.minecraft.furnace":1,"stat.mineBlock.biomesoplenty.plant_0":10,"stat.pickup.ebwizardry.crystal_flower":7,"stat.pickup.minecraft.planks":33,"stat.entityKilledBy.ZombieVillager":1,"stat.pickup.minecraft.iron_leggings":1,"stat.pickup.minecraft.bed":6,"stat.pickup.minecraft.wheat_seeds":2,"stat.useItem.minecraft.stone_pickaxe":21,"stat.craftItem.minecraft.iron_leggings":1,"stat.pickup.millenaire.earth_deco":1,"stat.damageDealt":3941,"stat.pickup.iceandfire.chared_grass":1,"stat.sleepInBed":1,"stat.useItem.biomesoplenty.berries":3,"stat.killEntity.Cow":4,"stat.mineBlock.minecraft.dirt":62,"stat.useItem.minecraft.crafting_table":1,"stat.killEntity.Pig":7,"stat.craftItem.minecraft.stone_shovel":1,"stat.walkOneCm":141270,"stat.useItem.minecraft.torch":27,"stat.mineBlock.biomesoplenty.leaves_2":3,"stat.pickup.minecraft.stick":50,"stat.drop.minecraft.rotten_flesh":5,"stat.pickup.minecraft.crafting_table":9,"stat.useItem.minecraft.cobblestone":40,"stat.craftItem.minecraft.crafting_table":3,"stat.pickup.minecraft.log":63,"stat.pickup.minecraft.iron_pickaxe":2,"stat.pickup.minecraft.tnt":3,"stat.pickup.minecraft.stone":8,"stat.craftItem.minecraft.iron_chestplate":1,"stat.pickup.minecraft.chicken":2,"stat.pickup.minecraft.wooden_door":2,"stat.useItem.millenaire.earth_deco":14,"stat.pickup.minecraft.banner":8,"stat.pickup.minecraft.gold_ingot":1,"stat.killEntity.Skeleton":4,"stat.drop.minecraft.bow":1,"stat.mineBlock.minecraft.stonebrick":12,"stat.craftItem.minecraft.planks":76,"stat.useItem.minecraft.iron_sword":28,"stat.killEntity.Chicken":1,"stat.pickup.biomesoplenty.berries":3,"stat.mobKills":28,"stat.useItem.minecraft.stonebrick":10,"stat.mineBlock.minecraft.log":29,"stat.pickup.iceandfire.dragonbone":50,"stat.mineBlock.minecraft.leaves":1,"stat.pickup.minecraft.torch":20,"stat.sneakTime":5931,"stat.pickup.minecraft.wool":102,"stat.drop.minecraft.arrow":6,"stat.useItem.minecraft.wooden_axe":3,"stat.mineBlock.minecraft.stone":190,"stat.useItem.minecraft.sandstone":8}