{"stats":{"minecraft:dropped":{"minecraft:leather_chestplate":1,"minecraft:stone":3,"minecraft:torch":5,"minecraft:rabbit":2,"minecraft:leather_boots":1,"minecraft:leather_leggings":1,"minecraft:sand":1,"minecraft:grass_block":1,"minecraft:leather_helmet":2,"minecraft:stick":10},"minecraft:mined":{"lucky:lucky_block":1},"minecraft:picked_up":{"minecraft:stick":38,"minecraft:leather_chestplate":1,"minecraft:stone":1,"minecraft:golden_carrot":5,"minecraft:leather_leggings":1,"minecraft:torch":4763,"minecraft:oak_pressure_plate":1,"minecraft:sand":73,"minecraft:carrot":11,"minecraft:gunpowder":4,"minecraft:leather_helmet":2,"minecraft:leather_boots":1,"minecraft:cactus":1,"minecraft:arrow":1,"minecraft:bone":2,"minecraft:rabbit":2},"minecraft:custom":{"minecraft:time_since_rest":51431,"minecraft:sprint_one_cm":30217,"minecraft:walk_one_cm":50287,"minecraft:interact_with_anvil":1,"minecraft:mob_kills":2,"minecraft:drop":15,"minecraft:damage_dealt":359,"minecraft:swim_one_cm":3222,"minecraft:interact_with_crafting_table":9,"minecraft:fly_one_cm":679965,"minecraft:open_chest":2,"minecraft:crouch_one_cm":890,"minecraft:play_time":51431,"minecraft:sneak_time":1667,"minecraft:walk_under_water_one_cm":244,"minecraft:jump":114,"minecraft:leave_game":1,"minecraft:time_since_death":51431,"minecraft:walk_on_water_one_cm":142,"minecraft:total_world_time":51431,"minecraft:climb_one_cm":128,"minecraft:fall_one_cm":1730},"minecraft:crafted":{"minecraft:leather_leggings":3,"minecraft:leather_boots":3,"minecraft:leather_chestplate":3,"minecraft:leather_helmet":3},"minecraft:used":{"minecraft:wooden_axe":6,"minecraft:command_block":23,"lucky:lucky_block":84,"minecraft:armor_stand":4,"minecraft:grass_block":41,"minecraft:barrier":22,"minecraft:oak_sign":14,"minecraft:chest":5,"minecraft:stone":441,"minecraft:oak_pressure_plate":5,"minecraft:torch":12,"minecraft:glowstone":4,"minecraft:sand":4,"minecraft:anvil":1,"minecraft:crafting_table":1,"minecraft:stone_pressure_plate":1,"minecraft:oak_hanging_sign":4},"minecraft:killed":{"minecraft:spider":1,"minecraft:creeper":1}},"DataVersion":3465}