{"stat.walkOneCm":13861,"stat.mineBlock.biomesoplenty.leaves_2":3,"stat.drop.gravestone.death_info":1,"stat.useItem.minecraft.egg":1,"stat.pickup.minecraft.gravel":2,"stat.leaveGame":1,"stat.entityKilledBy.primitivemobs.skeleton_warrior":1,"stat.damageTaken":480,"stat.pickup.biomesoplenty.berries":1,"stat.useItem.minecraft.tnt":50,"stat.drop.minecraft.gravel":2,"stat.drop.minecraft.flint_and_steel":1,"stat.mobKills":1,"stat.mineBlock.biomesoplenty.plant_0":2,"stat.pickup.minecraft.reeds":5,"stat.flyOneCm":159056,"stat.killEntity.ebwizardry:wizard":1,"stat.deaths":1,"stat.drop":6,"stat.jump":342,"stat.swimOneCm":7414,"stat.pickup.minecraft.egg":1,"stat.playOneMinute":15560,"stat.fallOneCm":13794,"stat.useItem.biomesoplenty.persimmon":1,"stat.sneakTime":231,"stat.damageDealt":34,"stat.crouchOneCm":55,"stat.drop.minecraft.tnt":64,"stat.timeSinceDeath":6209,"stat.pickup.minecraft.dirt":3,"stat.useItem.biomesoplenty.berries":1,"stat.useItem.minecraft.dirt":2,"stat.sprintOneCm":27631,"stat.mineBlock.minecraft.dirt":3,"stat.pickup.biomesoplenty.persimmon":1,"stat.mineBlock.minecraft.tallgrass":2,"stat.diveOneCm":4485}