{
  "iceandfire:iceandfire/root": {
    "criteria": {
      "tick": "2024-07-29 16:57:44 +0000"
    },
    "done": true
  },
  "mowziesmobs:root": {
    "criteria": {
      "custom_test_name": "2024-07-29 16:57:44 +0000"
    },
    "done": true
  },
  "minecraft:adventure/adventuring_time": {
    "criteria": {
      "plains": "2024-07-29 16:57:44 +0000"
    },
    "done": false
  },
  "cqrepoured:cqr/root": {
    "criteria": {
      "tick": "2024-07-29 16:57:44 +0000"
    },
    "done": true
  }
}